timestamp,approve_estimate
2020-10-20 09:42:03,41.884825
2020-10-19 20:49:59,41.933132
2020-10-19 07:51:38,41.994807
2020-10-19 07:53:11,41.994807
2020-10-16 19:13:58,41.994807
2020-10-15 14:28:55,41.915728
2020-10-14 19:05:11,42.775153
2020-10-13 23:19:59,42.904446
2020-10-12 09:57:58,43.100840000000005
2020-10-11 07:47:58,43.100840000000005
2020-10-10 13:04:56,42.620385999999996
2020-10-09 11:44:56,42.620385999999996
2020-10-08 18:09:59,42.565692
2020-10-07 22:47:19,42.565692
2020-10-06 20:47:08,42.565692
2020-10-05 20:55:59,42.681789
2020-10-04 14:57:45,43.179881
2020-10-03 18:43:52,43.164862
2020-10-02 18:37:52,43.277257
2020-10-01 20:15:58,42.676607000000004
2020-09-30 19:26:52,42.225889
2020-09-29 20:55:55,41.976735999999995
2020-09-28 18:52:50,42.038574
2020-09-27 15:34:51,42.038574
2020-09-27 00:52:43,41.265648
2020-09-25 22:26:52,41.265648
2020-09-24 19:13:53,41.107704
2020-09-23 16:52:51,41.009062
2020-09-22 21:39:08,41.036704
2020-09-21 18:31:45,40.775537
2020-09-20 09:17:10,41.624382000000004
2020-09-20 09:18:52,41.624382000000004
2020-09-18 17:02:50,41.624382000000004
2020-09-17 15:33:53,41.96297
2020-09-16 16:29:45,41.472471999999996
2020-09-15 14:48:45,41.303258
2020-09-14 16:22:44,41.432106
2020-09-13 09:10:43,41.340194
2020-09-12 16:21:44,41.340194
2020-09-11 18:08:40,41.35091
2020-09-10 14:12:44,41.512838
2020-09-09 19:39:16,41.145925
2020-09-08 20:41:29,41.436258
2020-09-07 11:12:11,41.478483000000004
2020-09-07 09:43:57,41.52114
2020-09-07 09:45:27,41.52114
2020-09-04 16:54:11,41.52114
2020-09-03 21:04:22,41.52114
2020-09-02 18:41:11,41.393013
2020-09-01 19:18:06,40.710184000000005
2020-08-31 20:53:06,40.523852000000005
2020-08-31 09:33:15,40.545451
2020-08-29 13:40:06,40.545451
2020-08-28 17:59:04,40.591327
2020-08-27 17:31:07,40.520656
2020-08-26 17:29:09,40.520656
2020-08-25 16:41:06,40.24987
2020-08-24 17:43:03,40.208898
2020-08-23 10:53:05,40.820818
2020-08-22 09:05:10,40.890803999999996
2020-08-21 19:14:04,40.890803999999996
2020-08-20 14:05:09,41.195789000000005
2020-08-19 17:08:05,41.218221
2020-08-18 14:12:04,41.311415000000004
2020-08-17 18:40:35,41.355919
2020-08-16 21:56:03,40.793108000000004
2020-08-15 12:47:04,40.470256
2020-08-14 15:11:01,40.465576
2020-08-13 18:41:01,40.544764
2020-08-12 16:11:05,40.51487
2020-08-11 14:42:02,40.43112
2020-08-10 15:13:59,40.3861
2020-08-10 09:43:34,40.426433
2020-08-10 09:45:00,40.426433
2020-08-07 14:08:00,40.426433
2020-08-06 14:31:55,40.392858000000004
2020-08-05 15:07:08,40.506257
2020-08-04 17:36:55,40.113621
2020-08-03 18:42:57,39.902188
2020-08-03 09:44:16,40.016978
2020-08-03 09:45:40,40.016978
2020-07-31 15:39:53,40.016978
2020-07-30 13:35:58,40.017417
2020-07-29 16:33:56,39.967624
2020-07-28 09:35:58,39.671966
2020-07-27 19:50:57,39.617738
2020-07-26 08:17:21,39.158068
2020-07-26 08:18:45,39.153046
2020-07-24 16:52:53,39.153046
2020-07-23 17:16:55,39.071247
2020-07-22 15:16:54,39.085916
2020-07-21 14:43:53,39.140021000000004
2020-07-20 17:11:01,39.474641999999996
2020-07-19 09:09:54,39.497713
2020-07-19 00:23:34,39.566988
2020-07-17 18:11:46,39.566988
2020-07-16 13:46:09,39.631040000000006
2020-07-15 17:18:08,39.593906
2020-07-14 19:03:09,39.66195
2020-07-13 16:48:07,39.622797
2020-07-12 13:20:05,39.538852
2020-07-12 13:10:55,39.538852
2020-07-10 15:10:05,39.538852
2020-07-09 16:45:06,39.46973
2020-07-08 17:24:06,39.927464
2020-07-07 16:39:05,40.341115
2020-07-06 14:47:03,40.127439
2020-07-06 00:22:45,40.143646000000004
2020-07-06 00:23:48,40.143646000000004
2020-07-03 09:38:02,40.143646000000004
2020-07-02 15:07:02,40.215539
2020-07-01 20:27:59,40.135013
2020-06-30 17:28:58,40.083442
2020-06-29 18:35:38,40.281183
2020-06-29 09:42:36,40.099868
2020-06-29 09:43:38,40.099868
2020-06-26 13:38:59,40.099868
2020-06-25 22:41:57,39.8699
2020-06-24 17:05:52,39.842721999999995
2020-06-23 18:30:58,39.919344
2020-06-22 19:21:58,39.897809
2020-06-22 00:14:48,39.912040000000005
2020-06-20 08:50:55,39.912040000000005
2020-06-19 14:09:35,39.948969
2020-06-18 18:10:35,39.975879
2020-06-17 18:27:34,39.747178999999996
2020-06-16 09:34:55,39.969497
2020-06-15 17:04:35,39.969497
2020-06-15 00:17:37,40.198758000000005
2020-06-15 00:18:40,40.198758000000005
2020-06-12 18:43:56,40.198758000000005
2020-06-11 19:20:53,40.198758000000005
2020-06-10 18:26:58,40.152325
2020-06-09 20:53:54,40.098825
2020-06-08 17:48:46,40.087201
2020-06-07 09:12:34,40.895963
2020-06-07 09:13:36,40.895963
2020-06-05 18:10:50,40.895963
2020-06-04 17:57:51,41.182024
2020-06-03 16:10:54,42.650641
2020-06-02 18:49:29,42.147774
2020-06-01 23:54:29,42.629471
2020-05-31 16:45:26,43.126314
2020-05-31 00:20:48,42.551211
2020-05-29 15:35:48,42.551211
2020-05-28 23:50:44,42.552145
2020-05-27 18:59:43,42.509956
2020-05-26 22:29:42,42.756754
2020-05-25 11:14:58,42.730804
2020-05-25 11:15:59,42.730804
2020-05-25 11:17:00,42.730804
2020-05-22 14:43:44,42.730804
2020-05-21 18:14:42,42.606297
2020-05-20 18:22:40,43.364133
2020-05-19 23:54:41,43.587932
2020-05-18 16:38:40,43.789592999999996
2020-05-18 09:40:17,43.868388
2020-05-16 08:09:39,43.868388
2020-05-15 14:48:40,43.868388
2020-05-14 14:34:41,43.279756
2020-05-13 17:13:39,43.266949
2020-05-12 23:02:38,43.339985
2020-05-11 15:15:37,43.461749
2020-05-11 09:39:07,43.322878
2020-05-09 07:46:35,43.322878
2020-05-08 15:57:37,43.322878
2020-05-07 13:29:38,43.415405
2020-05-06 15:56:36,43.556467
2020-05-05 21:32:34,43.46774
2020-05-04 17:32:35,44.031378000000004
2020-05-04 09:39:23,43.984782
2020-05-02 06:59:45,43.984782
2020-05-01 14:27:45,43.984782
2020-04-30 15:44:36,43.659526
2020-04-29 17:42:35,43.021307
2020-04-28 23:03:38,43.156577
2020-04-27 15:24:33,43.134294
2020-04-27 08:13:01,43.256444
2020-04-25 07:57:32,43.256444
2020-04-24 20:40:31,43.256444
2020-04-23 17:03:32,43.278319
2020-04-22 19:43:29,43.21908
2020-04-21 17:34:30,43.219237
2020-04-20 15:40:29,43.788779
2020-04-19 09:04:30,43.729986
2020-04-18 17:37:27,43.729986
2020-04-17 19:21:28,43.729986
2020-04-16 17:46:30,43.729986
2020-04-15 10:02:28,43.994962
2020-04-14 19:23:26,43.764737
2020-04-13 19:15:25,43.651509999999995
2020-04-12 20:19:23,43.737121
2020-04-11 19:42:24,43.753236
2020-04-10 18:24:26,43.746099
2020-04-09 18:28:29,43.731398999999996
2020-04-08 15:39:23,43.928067999999996
2020-04-07 23:17:23,45.098853999999996
2020-04-06 18:22:27,45.098853999999996
2020-04-05 13:11:23,45.945921000000006
2020-04-04 07:31:21,46.012938
2020-04-03 09:43:23,46.012938
2020-04-02 14:48:24,45.585115
2020-04-01 16:51:21,45.816386
2020-03-31 22:52:21,45.555048
2020-03-30 14:01:23,45.668993
2020-03-30 00:08:38,46.006565
2020-03-28 07:16:20,46.098665000000004
2020-03-27 21:30:20,46.098665000000004
2020-03-26 18:43:26,45.272299
2020-03-25 17:42:20,44.688531
2020-03-24 22:54:19,44.613071999999995
2020-03-23 15:43:19,43.500766
2020-03-23 09:39:47,42.521573
2020-03-23 09:40:43,42.521573
2020-03-20 17:06:17,42.521573
2020-03-19 23:32:22,43.707569
2020-03-18 16:16:23,42.283724
2020-03-17 19:14:23,42.197986
2020-03-16 18:17:23,41.669307
2020-03-15 09:09:40,41.706265
2020-03-15 09:10:33,41.706265
2020-03-13 15:43:24,41.706265
2020-03-12 16:58:21,41.851013
2020-03-11 19:41:22,41.873565
2020-03-10 15:36:22,42.103436
2020-03-09 23:08:22,42.164667
2020-03-09 09:43:56,41.915659000000005
2020-03-09 09:44:50,41.915659000000005
2020-03-06 15:04:18,41.915659000000005
2020-03-05 16:48:21,41.950918
2020-03-04 15:20:20,41.869315
2020-03-03 17:16:20,41.90245
2020-03-02 13:41:19,41.470269
2020-03-02 09:45:32,41.424186999999996
2020-02-29 16:50:19,41.424186999999996
2020-02-28 18:07:19,41.526025
2020-02-27 23:54:17,41.526025
2020-02-26 15:46:20,41.526025
2020-02-25 13:38:19,41.436174
2020-02-24 23:39:19,41.621152
2020-02-24 09:46:44,41.621266
2020-02-24 09:47:37,41.621266
2020-02-21 14:03:18,41.621266
2020-02-20 18:06:13,42.453035
2020-02-19 22:40:15,42.397958
2020-02-18 23:33:17,42.353427
2020-02-17 15:08:13,42.353427
2020-02-16 13:30:28,42.316982
2020-02-16 13:31:21,42.316982
2020-02-14 09:42:13,42.316982
2020-02-13 16:56:12,42.316982
2020-02-12 17:15:11,42.316982
2020-02-11 23:03:17,42.569932
2020-02-10 15:27:12,42.738857
2020-02-10 09:40:33,42.908631
2020-02-10 09:41:25,42.908631
2020-02-07 13:08:08,42.908619
2020-02-06 18:24:10,42.999762
2020-02-05 13:48:10,42.521909
2020-02-04 15:54:09,42.562989
2020-02-03 17:14:08,42.180371
2020-02-02 09:11:09,42.378287
2020-02-01 08:20:06,42.378287
2020-01-31 16:37:07,42.378287
2020-01-30 19:17:06,41.221578
2020-01-29 09:45:05,41.365332
2020-01-28 22:22:17,41.620321000000004
2020-01-27 18:58:06,41.599768
2020-01-26 13:03:11,41.860138
2020-01-26 09:18:01,41.824998
2020-01-24 23:54:04,41.824998
2020-01-23 21:11:06,41.050393
2020-01-22 18:12:03,41.008390999999996
2020-01-21 23:18:04,41.171095
2020-01-20 16:14:02,41.591384999999995
2020-01-20 07:02:10,40.825078999999995
2020-01-20 07:03:00,40.825078999999995
2020-01-17 11:14:57,40.825078999999995
2020-01-16 16:45:58,40.850083000000005
2020-01-15 14:59:58,40.882533
2020-01-14 12:14:59,41.013822
2020-01-13 16:56:00,41.034345
2020-01-13 10:12:51,40.571996999999996
2020-01-13 10:13:41,40.571996999999996
2020-01-10 20:24:01,40.571996999999996
2020-01-09 19:33:02,40.669623
2020-01-08 18:43:55,40.718771999999994
2020-01-07 22:50:55,40.752624
2020-01-06 15:23:58,41.166022999999996
2020-01-06 09:37:50,41.151553
2020-01-06 09:38:39,41.151553
2020-01-03 18:33:56,41.151553
2020-01-02 18:08:54,41.143823
2020-01-01 09:13:53,41.501866
2019-12-31 14:39:52,41.502059
2019-12-30 18:02:57,41.532126
2019-12-29 09:33:58,41.529158
2019-12-29 09:34:47,41.529158
2019-12-27 09:36:52,41.529158
2019-12-26 14:54:52,41.529158
2019-12-25 09:17:54,41.529158
2019-12-24 09:47:56,41.562748
2019-12-23 17:07:57,41.562748
2019-12-23 09:30:37,42.154385
2019-12-23 09:31:25,42.154385
2019-12-20 17:17:53,42.154385
2019-12-19 17:55:51,42.171758000000004
2019-12-18 18:16:50,42.167196999999994
2019-12-17 21:15:51,42.30916
2019-12-16 20:16:50,41.621896
2019-12-15 18:00:53,40.528909000000006
2019-12-14 16:41:50,40.528909000000006
2019-12-13 11:52:47,40.54998
2019-12-12 13:13:48,40.544206
2019-12-11 18:12:49,40.542021000000005
2019-12-10 16:09:47,40.009531
2019-12-09 18:29:47,39.972315
2019-12-09 09:38:26,40.060856
2019-12-09 09:39:12,40.060856
2019-12-06 16:48:55,40.060856
2019-12-05 15:42:47,40.074008
2019-12-04 19:03:48,40.192389
2019-12-03 14:21:45,40.244571
2019-12-02 21:08:44,40.295640999999996
2019-12-01 21:37:42,40.400857
2019-12-01 21:38:29,40.400857
2019-11-29 09:03:44,40.401472
2019-11-29 09:04:31,40.408849
2019-11-27 18:38:46,40.408849
2019-11-26 15:13:45,40.416361
2019-11-25 15:31:45,40.214607
2019-11-25 09:44:21,40.22211
2019-11-25 09:45:07,40.22211
2019-11-22 20:44:43,40.22211
2019-11-21 12:26:43,40.083582
2019-11-20 15:33:45,40.502583
2019-11-19 13:45:43,40.568658
2019-11-18 23:41:49,40.436648
2019-11-18 09:40:12,40.384322999999995
2019-11-18 09:40:58,40.384322999999995
2019-11-15 19:37:44,40.384322999999995
2019-11-14 12:07:48,40.273317999999996
2019-11-13 18:30:41,40.314040000000006
2019-11-12 23:34:38,40.720077
2019-11-11 13:38:40,40.888467
2019-11-10 18:57:38,40.888467
2019-11-10 18:58:23,40.888462
2019-11-08 09:34:39,40.888462
2019-11-07 17:33:38,40.888462
2019-11-06 18:33:41,40.871114
2019-11-05 23:39:06,41.023874
2019-11-04 09:32:40,40.567277000000004
2019-11-03 09:20:40,40.567277000000004
2019-11-02 09:43:39,39.958988
2019-11-01 16:59:40,39.9269
2019-10-31 17:19:40,40.149657
2019-10-30 16:27:39,39.781164000000004
2019-10-29 23:55:37,39.770815999999996
2019-10-28 09:36:40,40.029624
2019-10-27 22:36:36,40.014232
2019-10-26 23:38:49,40.044437
2019-10-25 23:45:43,40.041290000000004
2019-10-24 18:14:41,39.87063
2019-10-23 18:02:44,39.9484
2019-10-22 23:58:40,40.278209999999994
2019-10-21 17:25:40,40.14604
2019-10-20 20:09:30,40.29583
2019-10-20 20:10:15,40.26743
2019-10-18 21:23:38,40.26743
2019-10-17 23:53:39,40.32826
2019-10-16 19:01:40,40.39907
2019-10-15 21:35:37,40.67811
2019-10-14 22:33:38,41.52431
2019-10-13 19:11:33,41.292320000000004
2019-10-12 10:51:38,41.181259999999995
2019-10-11 17:28:33,41.228390000000005
2019-10-10 22:41:35,41.228390000000005
2019-10-09 18:11:34,40.7885
2019-10-08 23:02:03,40.72084
2019-10-07 17:29:30,40.68073
2019-10-07 09:47:43,40.68073
2019-10-07 09:48:26,40.68073
2019-10-04 22:12:42,40.68073
2019-10-03 17:31:33,40.04394
2019-10-02 18:33:31,40.05482
2019-10-01 17:36:30,39.85726
2019-09-30 18:17:31,40.52193
2019-09-30 09:31:40,41.499990000000004
2019-09-30 09:32:22,41.499990000000004
2019-09-27 23:06:31,41.499990000000004
2019-09-26 20:14:30,41.5117
2019-09-25 19:16:28,40.98133
2019-09-24 19:24:29,41.18949
2019-09-23 18:43:28,40.97729
2019-09-22 17:43:29,40.9962
2019-09-21 19:07:32,40.9461
2019-09-20 22:39:30,40.97356
2019-09-19 19:39:26,40.96386
2019-09-18 18:10:26,40.70612
2019-09-17 17:49:24,40.77775
2019-09-16 21:54:24,40.77775
2019-09-15 08:58:14,40.778240000000004
2019-09-15 08:58:56,40.81009
2019-09-13 23:45:26,40.81009
2019-09-12 21:28:24,40.85892
2019-09-11 19:03:26,40.67099
2019-09-10 22:06:26,40.028040000000004
2019-09-09 18:03:25,40.6016
2019-09-08 21:42:26,40.6016
2019-09-07 09:32:26,40.554159999999996
2019-09-06 21:51:21,40.45258
2019-09-05 18:10:24,40.499759999999995
2019-09-04 23:05:31,40.44907
2019-09-03 23:55:20,40.54027
2019-09-03 00:12:52,40.2364
2019-09-03 00:13:33,40.2364
2019-09-03 00:14:13,40.2364
2019-08-30 21:31:21,40.2364
2019-08-29 20:38:21,40.18253
2019-08-28 23:34:20,40.18253
2019-08-27 21:48:19,40.21
2019-08-26 18:08:19,40.55687
2019-08-25 21:12:20,40.55687
2019-08-24 22:12:19,40.57812
2019-08-23 22:34:22,40.519009999999994
2019-08-22 17:39:18,40.53337
2019-08-21 22:19:18,41.17577
2019-08-20 23:45:18,41.18851
2019-08-19 17:26:17,41.34017
2019-08-18 09:26:00,41.3247
2019-08-18 09:26:40,41.16001
2019-08-16 21:28:17,41.16001
2019-08-15 17:28:16,41.125479999999996
2019-08-14 19:04:34,41.07655
2019-08-13 22:22:23,41.01769
2019-08-12 17:25:23,41.36837
2019-08-11 08:58:20,41.352990000000005
2019-08-10 07:42:20,41.33028
2019-08-09 20:36:22,41.33028
2019-08-08 20:06:06,41.34695
2019-08-07 20:05:05,41.29712
2019-08-06 21:07:20,41.35875
2019-08-05 20:12:20,41.43881
2019-08-04 09:44:20,41.478190000000005
2019-08-03 09:41:17,41.39196
2019-08-02 17:27:19,41.4176
2019-08-01 11:08:04,41.505759999999995
2019-07-31 19:05:05,41.437059999999995
2019-07-30 19:19:28,41.905390000000004
2019-07-29 18:49:50,41.75597
2019-07-28 08:41:51,41.74086
2019-07-27 08:41:49,41.683409999999995
2019-07-26 18:46:45,41.73809
2019-07-25 18:31:46,41.75789
2019-07-24 18:55:46,41.77722
2019-07-23 22:05:51,41.94186
2019-07-22 17:24:44,42.27148
2019-07-21 16:37:37,41.76081
2019-07-21 16:38:35,41.7347
2019-07-19 09:44:44,41.7347
2019-07-18 18:50:47,41.70742
2019-07-17 17:09:16,41.47477
2019-07-16 20:29:47,41.40459
2019-07-15 17:21:43,41.56728
2019-07-14 10:08:41,41.95745
2019-07-13 10:14:45,41.92413
2019-07-12 19:19:52,41.93135
2019-07-11 18:39:42,41.822140000000005
2019-07-10 17:34:09,41.78241
2019-07-09 17:52:43,41.89097
2019-07-08 17:23:45,41.9083
2019-07-07 11:51:09,42.00573
2019-07-07 11:51:57,41.38198
2019-07-07 11:52:43,41.38198
2019-07-07 11:53:31,41.38198
2019-07-03 18:59:43,41.38198
2019-07-02 17:10:44,41.52959
2019-07-01 17:30:40,41.214259999999996
2019-06-30 00:42:37,41.2774
2019-06-29 09:22:40,41.3047
2019-06-28 17:22:39,41.29354
2019-06-27 17:29:17,41.19576
2019-06-26 17:35:46,41.24135
2019-06-25 22:40:38,41.234759999999994
2019-06-24 17:10:39,41.27888
2019-06-23 08:54:35,41.355740000000004
2019-06-22 11:05:34,41.37154
2019-06-21 20:02:43,41.37154
2019-06-20 17:24:39,41.10581
2019-06-19 17:45:35,41.16168
2019-06-18 17:46:32,41.4959
2019-06-17 23:43:33,41.40927
2019-06-16 09:15:20,41.4086
2019-06-16 09:16:05,41.09431
2019-06-14 22:03:35,41.09431
2019-06-13 17:35:36,41.04517
2019-06-12 18:10:32,40.929970000000004
2019-06-11 23:16:53,40.90348
2019-06-10 17:23:30,41.30365
2019-06-10 09:53:45,40.70913
2019-06-08 09:08:35,40.70913
2019-06-07 17:33:29,40.70913
2019-06-06 18:07:34,40.51807
2019-06-05 17:16:35,40.83706
2019-06-04 17:23:31,40.84887
2019-06-03 17:49:32,41.00229
2019-06-02 08:42:06,40.88752
2019-06-02 08:42:50,40.305240000000005
2019-05-31 22:19:19,40.305240000000005
2019-05-30 21:36:32,40.43422
2019-05-29 17:30:33,40.3208
2019-05-28 22:34:30,40.21971
2019-05-28 09:16:58,40.23515
2019-05-28 09:17:41,40.23515
2019-05-28 09:18:25,40.23515
2019-05-24 18:16:28,40.23515
2019-05-23 21:54:26,40.18141
2019-05-22 19:49:26,40.14721
2019-05-21 19:58:28,40.14015
2019-05-20 17:27:27,40.69801
2019-05-20 07:57:48,40.69801
2019-05-18 12:02:29,40.69801
2019-05-17 17:56:27,40.730309999999996
2019-05-16 19:40:28,40.75094
2019-05-15 20:17:31,40.75094
2019-05-14 21:17:23,41.09052
2019-05-13 19:37:24,41.92653
2019-05-13 10:01:45,41.87191
2019-05-11 13:02:31,41.87191
2019-05-10 17:25:24,41.84447
2019-05-09 17:23:22,41.84447
2019-05-08 20:12:26,41.90039
2019-05-07 19:42:23,42.38367
2019-05-06 17:22:26,42.09672
2019-05-05 09:09:58,42.070029999999996
2019-05-05 09:10:41,41.45581
2019-05-03 21:40:18,41.45581
2019-05-02 21:49:24,40.62981
2019-05-01 19:04:24,40.6577
2019-04-30 18:20:18,39.802040000000005
2019-04-29 19:04:21,39.95821
2019-04-29 09:36:34,39.81222
2019-04-27 14:41:01,39.81222
2019-04-26 23:51:01,39.76424
2019-04-25 23:57:17,39.93294
2019-04-24 17:59:22,39.9197
2019-04-23 17:38:21,39.7673
2019-04-22 22:39:18,40.3757
2019-04-22 09:57:27,40.237109999999994
2019-04-20 21:21:18,40.237109999999994
2019-04-19 19:48:18,40.19921
2019-04-18 23:09:17,40.60906
2019-04-17 18:12:19,40.564040000000006
2019-04-16 23:19:13,41.11728
2019-04-15 21:47:14,41.01833
2019-04-14 08:41:42,41.31856
2019-04-14 08:42:23,41.25759
2019-04-12 21:51:11,41.25759
2019-04-11 18:09:19,40.850190000000005
2019-04-10 22:26:52,40.850190000000005
2019-04-09 23:07:37,41.09583
2019-04-08 17:45:21,41.51352
2019-04-07 21:26:10,41.31673
2019-04-06 22:21:46,41.36978
2019-04-05 22:24:53,41.441790000000005
2019-04-04 18:01:13,41.501740000000005
2019-04-03 18:34:15,41.46787
2019-04-02 22:16:13,41.35085
2019-04-01 18:49:09,41.54586
2019-03-31 23:38:07,41.54586
2019-03-31 07:24:13,41.17068
2019-03-29 21:50:41,41.17068
2019-03-28 17:51:10,40.98962
2019-03-27 18:12:11,40.99378
2019-03-26 22:45:08,41.01191
2019-03-25 21:50:04,40.82512
2019-03-24 09:57:06,40.82304
2019-03-24 08:48:07,40.82338
2019-03-22 23:06:09,40.82338
2019-03-21 23:47:06,40.88237
2019-03-20 17:57:07,40.59555
2019-03-19 17:58:02,40.83169
2019-03-18 19:52:03,41.16959
2019-03-17 22:24:01,40.92827
2019-03-16 10:06:06,40.97558
2019-03-15 19:13:01,40.90125
2019-03-14 18:00:12,41.15266
2019-03-13 17:49:05,41.349090000000004
2019-03-12 22:50:04,41.39862
2019-03-11 18:26:01,41.28474
2019-03-11 08:03:58,41.27819
2019-03-09 22:23:02,41.27819
2019-03-08 23:44:00,41.28119
2019-03-07 18:08:59,41.66734
2019-03-06 22:55:59,41.66734
2019-03-05 18:02:57,41.18424
2019-03-04 18:17:59,41.45337
2019-03-03 22:54:57,41.35925
2019-03-02 07:09:58,40.74055
2019-03-01 17:12:00,40.70159
2019-02-28 22:52:56,41.04222
2019-02-27 21:29:56,41.07079
2019-02-26 17:03:03,41.063990000000004
2019-02-25 22:27:22,41.35035
2019-02-24 08:34:12,41.29942
2019-02-24 08:34:48,41.271640000000005
2019-02-22 22:43:07,41.271640000000005
2019-02-21 17:51:59,41.335809999999995
2019-02-20 18:28:58,40.6429
2019-02-19 23:52:55,40.58351
2019-02-18 00:23:54,40.14311
2019-02-17 00:26:53,40.15818
2019-02-16 17:33:54,40.04198
2019-02-15 23:49:53,40.04198
2019-02-14 23:09:53,39.94764
2019-02-13 22:34:54,39.785070000000005
2019-02-12 21:33:53,39.2173
2019-02-11 20:07:51,39.3547
2019-02-10 10:37:00,39.30507
2019-02-10 10:37:34,39.29391
2019-02-08 22:58:48,39.29391
2019-02-07 17:37:50,39.245
2019-02-06 18:50:49,39.173359999999995
2019-02-05 22:39:51,39.29878
2019-02-04 23:54:52,39.283590000000004
2019-02-03 23:54:48,38.89598
2019-02-02 10:08:47,38.97214
2019-02-01 23:41:50,38.92126
2019-01-31 17:05:48,38.8746
2019-01-30 21:02:51,38.8746
2019-01-29 23:54:53,39.12983
2019-01-28 19:45:52,39.04753
2019-01-27 23:27:47,38.52261
2019-01-27 08:40:30,38.25626
2019-01-25 21:16:48,38.25626
2019-01-24 23:31:51,38.58607
2019-01-23 20:21:48,38.50995
2019-01-22 21:33:03,39.42207
2019-01-21 23:47:44,39.07627
2019-01-20 21:20:43,39.106
2019-01-20 00:08:25,39.06089
2019-01-18 23:49:44,39.06089
2019-01-17 19:01:49,39.029309999999995
2019-01-16 18:34:46,39.44763
2019-01-15 17:09:47,40.070890000000006
2019-01-14 17:06:44,40.08126
2019-01-13 23:31:45,39.70861
2019-01-12 10:06:44,40.43567
2019-01-11 20:20:43,40.41727
2019-01-10 18:18:51,40.4232
2019-01-09 17:06:42,40.43377
2019-01-08 19:03:36,40.56102
2019-01-07 17:14:38,40.83181
2019-01-07 09:09:08,40.936170000000004
2019-01-05 09:12:37,40.936170000000004
2019-01-04 17:07:32,40.95282
2019-01-03 23:43:36,40.95282
2019-01-02 20:16:25,40.903909999999996
2019-01-01 23:02:33,41.14145
2018-12-31 17:09:33,41.189890000000005
2018-12-30 18:45:34,41.13201
2018-12-29 01:04:34,41.13805
2018-12-28 17:19:33,41.28329
2018-12-27 17:11:37,41.28329
2018-12-26 18:49:34,41.13368
2018-12-25 00:33:33,41.3329
2018-12-24 22:58:33,41.3157
2018-12-24 08:31:00,41.54923
2018-12-22 00:26:34,41.54923
2018-12-21 17:08:32,41.6064
2018-12-20 21:16:34,41.50785
2018-12-19 23:08:34,41.47917
2018-12-18 17:05:32,41.60646
2018-12-17 20:18:30,41.179320000000004
2018-12-16 10:03:26,41.51873
2018-12-16 10:03:52,41.38058
2018-12-14 22:51:32,41.38058
2018-12-13 21:52:29,41.21475
2018-12-12 21:51:33,41.327890000000004
2018-12-11 15:55:30,41.03597
2018-12-10 20:26:31,41.41085
2018-12-09 10:01:33,41.53585
2018-12-08 01:07:29,41.45955
2018-12-07 09:46:30,41.484840000000005
2018-12-06 22:39:27,41.267590000000006
2018-12-05 16:58:29,41.31243
2018-12-04 14:40:28,41.25144
2018-12-03 16:22:26,41.46508
2018-12-02 08:49:26,41.49432
2018-12-01 08:48:25,41.47535
2018-11-30 09:42:26,41.65052
2018-11-29 09:44:26,41.45345
2018-11-28 23:43:26,41.45221
2018-11-27 16:37:23,41.783840000000005
2018-11-26 14:37:23,41.489909999999995
2018-11-25 08:29:54,42.05087
2018-11-25 08:30:19,42.063590000000005
2018-11-25 08:30:43,42.063590000000005
2018-11-25 08:31:08,42.063590000000005
2018-11-21 16:25:23,42.04636
2018-11-20 13:29:22,41.36785
2018-11-19 18:48:21,41.95154
2018-11-18 20:32:18,41.694140000000004
2018-11-18 20:32:43,41.731640000000006
2018-11-16 17:45:23,41.731640000000006
2018-11-15 16:01:26,41.755140000000004
2018-11-14 12:55:22,41.23523
2018-11-13 16:56:12,40.61781
2018-11-12 16:43:10,40.615829999999995
2018-11-12 09:49:18,40.9953
2018-11-12 09:49:41,40.9953
2018-11-09 17:57:18,40.9953
2018-11-08 16:01:22,40.78244
2018-11-07 16:34:18,40.74214
2018-11-06 10:12:20,40.48145
2018-11-05 14:19:18,40.4739
2018-11-04 20:00:43,40.87445
2018-11-03 10:28:22,40.97435
2018-11-02 09:41:20,40.958040000000004
2018-11-01 13:44:18,40.96518
2018-10-31 23:13:18,40.907709999999994
2018-10-30 16:29:09,40.85725
2018-10-29 13:58:17,40.88111
2018-10-28 08:27:14,41.06237
2018-10-27 14:38:15,41.040820000000004
2018-10-26 21:22:07,41.040820000000004
2018-10-25 19:50:07,41.44135
2018-10-24 22:42:05,41.61412
2018-10-23 20:23:06,41.72484
2018-10-22 17:43:15,41.8205
2018-10-21 11:57:30,41.19103
2018-10-20 10:44:13,41.125040000000006
2018-10-19 19:20:13,41.13824
2018-10-18 13:50:13,41.59738
2018-10-17 19:30:12,41.500820000000004
2018-10-16 13:53:12,41.04716
2018-10-15 20:59:11,41.20238
2018-10-14 00:45:11,40.89894
2018-10-13 18:31:14,40.791579999999996
2018-10-12 19:01:15,40.791579999999996
2018-10-11 14:52:12,40.91623
2018-10-10 14:33:11,40.7862
2018-10-09 16:31:16,40.7876
2018-10-08 16:58:10,41.47743
2018-10-07 10:57:22,41.19777
2018-10-06 12:43:09,41.2299
2018-10-05 15:10:10,41.2299
2018-10-04 23:39:11,41.32581
2018-10-03 15:57:09,41.037079999999996
2018-10-02 18:53:09,41.06406
2018-10-01 22:16:10,41.236290000000004
2018-10-01 08:58:10,40.59028
2018-09-29 16:22:08,40.59028
2018-09-28 09:32:08,40.726259999999996
2018-09-27 14:31:13,40.59393
2018-09-26 18:51:11,40.56958
2018-09-25 19:29:07,39.97768
2018-09-24 11:21:12,39.6658
2018-09-23 10:14:06,39.6658
2018-09-22 17:52:08,39.6658
2018-09-21 16:41:35,39.42852
2018-09-20 17:51:10,39.46564
2018-09-19 13:19:09,39.38368
2018-09-18 21:25:07,39.30877
2018-09-17 13:17:06,38.892309999999995
2018-09-17 09:44:06,38.94613
2018-09-15 23:18:59,38.94613
2018-09-14 15:54:06,38.94613
2018-09-13 17:03:16,38.95065
2018-09-12 09:51:16,39.00288
2018-09-11 18:33:38,38.674890000000005
2018-09-10 16:22:15,38.49725
2018-09-10 09:46:20,39.01255
2018-09-08 10:27:12,39.01255
2018-09-07 14:20:13,39.01255
2018-09-06 23:14:51,39.01255
2018-09-05 15:04:06,38.70277
2018-09-04 00:02:12,38.99077
2018-09-03 21:13:11,38.983540000000005
2018-09-03 09:55:58,38.700509999999994
2018-09-03 09:56:18,38.700509999999994
2018-08-31 20:05:11,38.700509999999994
2018-08-30 15:41:07,40.21771
2018-08-29 22:32:53,40.19815
2018-08-28 21:16:40,40.170320000000004
2018-08-27 13:53:25,40.92954
2018-08-26 14:14:05,40.8222
2018-08-26 12:59:19,40.8222
2018-08-24 19:28:21,40.8222
2018-08-23 17:55:06,41.21027
2018-08-22 19:42:22,41.2382
2018-08-21 23:56:04,40.96861
2018-08-20 20:51:06,41.5228
2018-08-20 12:00:39,40.94939
2018-08-20 12:00:57,40.94939
2018-08-17 12:46:03,40.94939
2018-08-16 16:33:04,41.11528
2018-08-15 22:16:02,41.05444
2018-08-14 14:59:01,41.07513
2018-08-13 14:07:00,40.7837
2018-08-13 10:49:27,41.008309999999994
2018-08-13 10:49:44,41.008309999999994
2018-08-10 16:24:01,41.008309999999994
2018-08-09 16:48:59,40.90953
2018-08-08 17:40:55,40.90062
2018-08-07 19:00:56,40.90865
2018-08-06 13:21:00,40.8045
2018-08-06 10:10:23,40.7165
2018-08-06 10:10:40,40.7165
2018-08-03 17:43:53,40.7165
2018-08-02 13:02:52,40.60411
2018-08-01 13:24:59,40.59207
2018-07-31 16:31:02,40.67309
2018-07-30 22:02:51,40.58243
2018-07-29 16:06:19,40.45608
2018-07-29 10:05:36,40.469570000000004
2018-07-27 16:03:53,40.469570000000004
2018-07-26 15:26:52,40.121759999999995
2018-07-25 16:09:50,40.18114
2018-07-24 17:20:52,40.62229
2018-07-23 20:18:50,40.69263
2018-07-22 17:43:52,41.00065
2018-07-21 11:31:49,41.00065
2018-07-20 16:54:57,41.121190000000006
2018-07-19 14:57:49,41.04249
2018-07-18 15:09:49,41.023740000000004
2018-07-17 18:42:49,41.11613
2018-07-16 13:28:49,41.2492
2018-07-16 09:32:38,40.98757
2018-07-14 13:44:48,40.98757
2018-07-13 17:45:49,40.95702
2018-07-12 18:18:47,41.2538
2018-07-11 18:11:52,41.235409999999995
2018-07-10 15:22:52,41.338359999999994
2018-07-09 13:06:47,41.780590000000004
2018-07-08 11:52:21,41.82602
2018-07-08 11:52:35,41.88363
2018-07-06 18:19:45,41.88363
2018-07-05 13:37:45,41.2733
2018-07-05 11:01:41,41.181259999999995
2018-07-03 15:18:51,41.181259999999995
2018-07-02 16:08:50,41.2618
2018-07-01 22:28:12,41.02074
2018-07-01 22:28:25,40.903690000000005
2018-06-29 16:15:48,40.903690000000005
2018-06-28 23:41:44,41.14184
2018-06-27 21:06:45,41.137190000000004
2018-06-26 15:15:51,41.62234
2018-06-25 13:06:45,41.64418
2018-06-24 20:56:10,41.905229999999996
2018-06-24 20:56:22,41.71001
2018-06-22 14:02:46,41.71001
2018-06-21 14:50:47,42.00172
2018-06-20 17:00:47,42.0325
2018-06-19 14:46:45,42.07304
2018-06-18 21:13:42,42.00614
2018-06-18 10:42:46,41.52295
2018-06-18 10:42:58,41.52295
2018-06-15 17:06:44,41.52295
2018-06-14 13:44:43,40.8569
2018-06-13 12:32:44,40.13609
2018-06-12 18:00:49,40.02678
2018-06-11 17:42:42,40.01291
2018-06-11 10:42:19,40.18627
2018-06-09 09:38:48,40.18627
2018-06-08 10:57:49,40.40632
2018-06-07 18:49:48,40.42962
2018-06-06 14:32:49,40.332370000000004
2018-06-05 17:25:49,40.44235
2018-06-04 13:07:47,40.69446
2018-06-04 09:54:28,40.717659999999995
2018-06-02 12:56:46,40.717659999999995
2018-06-01 21:07:47,40.71828
2018-05-31 17:54:47,40.8495
2018-05-30 13:42:47,41.6642
2018-05-29 12:17:47,41.76685
2018-05-28 13:07:45,41.99337
2018-05-28 10:43:24,42.22683
2018-05-26 13:24:46,42.22683
2018-05-25 14:46:47,41.50639
2018-05-24 21:44:45,41.47203
2018-05-23 11:47:45,41.43077
2018-05-22 21:49:44,41.62594
2018-05-21 18:36:45,41.47403
2018-05-21 10:20:50,41.892520000000005
2018-05-21 10:21:03,41.892520000000005
2018-05-18 22:40:09,41.892520000000005
2018-05-17 19:42:44,41.84563
2018-05-16 14:30:49,41.79456
2018-05-15 21:29:44,41.96143
2018-05-14 17:02:44,41.646229999999996
2018-05-14 10:44:23,41.87981
2018-05-12 00:07:42,41.87981
2018-05-11 10:43:43,41.77017
2018-05-10 14:39:43,41.77017
2018-05-09 12:55:44,41.68295
2018-05-08 13:08:21,41.55399
2018-05-08 13:08:31,41.64465
2018-05-08 13:08:41,41.63478
2018-05-08 13:08:51,41.63478
2018-05-04 09:35:43,40.6316
2018-05-03 14:54:42,40.6316
2018-05-02 09:39:45,40.41153
2018-05-01 15:07:43,40.409890000000004
2018-04-30 13:09:42,39.543479999999995
2018-04-30 09:40:18,39.132659999999994
2018-04-28 13:09:42,39.132659999999994
2018-04-27 09:41:43,39.422259999999994
2018-04-26 17:15:44,39.422259999999994
2018-04-25 18:19:42,39.29548
2018-04-24 14:45:45,39.473729999999996
2018-04-23 13:08:41,39.19358
2018-04-23 09:39:39,39.2908
2018-04-23 09:39:50,39.2908
2018-04-20 15:15:42,39.2908
2018-04-19 12:41:41,39.19129
2018-04-18 09:43:40,39.05623
2018-04-17 17:31:40,39.39812
2018-04-16 13:04:42,39.45117
2018-04-15 10:59:42,39.45118
2018-04-15 10:54:15,39.51859
2018-04-13 16:29:40,39.51859
2018-04-12 21:19:40,39.33269
2018-04-11 15:27:42,39.21613
2018-04-10 15:52:40,39.34561
2018-04-09 18:18:04,39.34561
2018-04-09 09:36:35,39.02662
2018-04-09 09:36:46,39.02662
2018-04-06 15:45:42,39.02662
2018-04-05 14:01:42,39.407
2018-04-04 22:10:42,39.37093
2018-04-03 17:25:40,39.564240000000005
2018-04-02 19:48:39,39.87597
2018-04-02 09:03:32,39.948890000000006
2018-04-02 09:03:43,39.948890000000006
2018-03-30 13:44:40,39.948890000000006
2018-03-29 18:08:41,39.58919
2018-03-28 11:52:39,39.53133
2018-03-27 21:41:40,39.58513
2018-03-26 16:24:39,40.087740000000004
2018-03-25 13:49:59,39.4158
2018-03-25 13:50:09,39.4158
2018-03-23 13:24:39,39.77478
2018-03-22 09:30:43,39.61889
2018-03-21 15:05:38,39.61889
2018-03-20 16:10:40,39.91188
2018-03-19 18:48:37,39.92498
2018-03-18 11:46:57,39.85175
2018-03-18 11:47:07,39.403220000000005
2018-03-16 15:13:37,39.403220000000005
2018-03-15 21:34:37,39.797090000000004
2018-03-14 10:14:37,39.64307
2018-03-13 15:49:37,39.73454
2018-03-12 15:24:34,40.034
2018-03-12 13:28:27,40.05423
2018-03-12 13:28:37,40.05423
2018-03-09 16:36:37,40.05423
2018-03-08 19:05:37,39.852779999999996
2018-03-07 13:46:36,39.142340000000004
2018-03-06 15:58:36,39.08385
2018-03-05 16:06:36,38.82128
2018-03-05 09:33:25,38.79745
2018-03-05 09:33:34,38.79745
2018-03-02 19:10:38,38.79745
2018-03-01 14:51:35,39.06365
2018-02-28 19:30:38,38.98043
2018-02-27 16:10:36,38.514829999999996
2018-02-26 16:18:34,38.247859999999996
2018-02-25 12:08:33,38.15955
2018-02-25 10:41:02,38.931129999999996
2018-02-23 13:01:34,38.931129999999996
2018-02-22 18:09:33,39.61691
2018-02-21 17:12:33,39.41115
2018-02-20 15:28:33,39.41115
2018-02-19 13:13:32,39.5064
2018-02-19 09:34:16,39.80095
2018-02-19 09:34:24,39.80095
2018-02-16 15:19:32,39.80095
2018-02-15 00:15:33,39.79505
2018-02-14 14:57:32,39.79505
2018-02-13 14:57:32,39.55173
2018-02-12 13:05:32,39.8287
2018-02-12 09:37:14,39.70684
2018-02-12 09:37:22,39.70684
2018-02-09 16:19:30,39.70684
2018-02-08 14:25:49,39.73898
2018-02-07 12:17:31,39.635090000000005
2018-02-06 14:08:29,39.51102
2018-02-05 13:14:31,39.74566
2018-02-05 08:33:57,39.549929999999996
2018-02-03 15:37:30,39.549929999999996
2018-02-02 14:29:32,39.529070000000004
2018-02-01 20:20:33,39.17886
2018-01-31 13:50:33,38.84452
2018-01-30 16:31:31,37.95375
2018-01-29 13:07:31,37.5544
2018-01-29 09:38:10,37.415490000000005
2018-01-29 09:38:18,37.415490000000005
2018-01-26 16:43:30,37.415490000000005
2018-01-25 17:41:29,37.48536
2018-01-24 18:36:30,37.5351
2018-01-23 14:30:35,37.344590000000004
2018-01-22 18:12:30,37.68642
2018-01-21 12:56:36,38.08665
2018-01-21 10:24:58,38.570170000000005
2018-01-19 16:16:30,38.570170000000005
2018-01-18 22:05:30,38.7857
2018-01-17 13:16:29,39.35015
2018-01-16 13:45:28,38.889
2018-01-15 22:05:29,38.7757
2018-01-15 09:41:08,38.78321
2018-01-15 09:41:16,38.78321
2018-01-12 15:21:29,38.78321
2018-01-11 21:24:28,38.73087
2018-01-10 19:50:30,38.987970000000004
2018-01-09 09:31:28,38.61844
2018-01-08 15:28:28,38.61844
2018-01-08 09:04:05,38.72204
2018-01-08 09:04:13,38.72204
2018-01-05 23:37:26,38.72204
2018-01-04 14:37:26,38.15102
2018-01-03 12:59:27,37.760040000000004
2018-01-02 21:35:39,37.71881
2018-01-02 21:35:47,37.33959
2017-12-31 13:04:26,37.33959
2017-12-30 13:07:25,37.12983
2017-12-29 14:00:31,37.088809999999995
2017-12-28 13:06:26,36.64524
2017-12-27 13:04:26,36.40348
2017-12-26 14:58:26,36.36728
2017-12-26 13:26:45,36.232440000000004
2017-12-24 13:06:25,36.232440000000004
2017-12-23 13:16:25,36.064820000000005
2017-12-22 13:03:25,35.87907
2017-12-21 13:16:26,35.77409
2017-12-20 14:28:26,35.86745
2017-12-19 15:37:27,35.93935
2017-12-18 13:18:24,36.25013
2017-12-17 15:41:24,35.97097
2017-12-16 13:03:24,34.93087
2017-12-15 15:40:29,34.9917
2017-12-14 16:09:24,35.57671
2017-12-13 19:58:24,35.462540000000004
2017-12-12 20:29:23,35.999629999999996
2017-12-11 13:06:25,36.2524
2017-12-10 18:24:24,36.33047
2017-12-09 13:17:24,36.50823
2017-12-08 13:05:25,36.52957
2017-12-07 23:10:25,36.421620000000004
2017-12-06 17:13:24,37.17609
2017-12-05 15:43:23,37.347429999999996
2017-12-04 13:11:23,36.96822
2017-12-03 13:17:21,36.93871
2017-12-02 13:05:25,36.943329999999996
2017-12-01 15:48:23,37.080659999999995
2017-11-30 17:11:22,37.37271
2017-11-29 14:08:21,37.72719
2017-11-28 14:44:22,37.3322
2017-11-27 13:03:23,37.45752
2017-11-26 13:05:23,37.45581
2017-11-25 13:18:33,37.52008
2017-11-25 13:18:39,37.49094
2017-11-23 13:06:23,37.49094
2017-11-22 13:05:23,37.462590000000006
2017-11-21 21:28:21,37.27388
2017-11-20 13:18:22,37.67971
2017-11-19 20:53:20,37.64998
2017-11-18 13:18:21,37.66021
2017-11-17 14:27:21,37.49475
2017-11-16 22:26:21,37.56749
2017-11-15 21:47:20,37.50333
2017-11-14 15:07:21,37.54153
2017-11-13 13:07:22,37.264379999999996
2017-11-12 13:07:20,37.299209999999995
2017-11-11 18:28:25,37.192609999999995
2017-11-10 17:38:22,37.11195
2017-11-09 15:22:20,36.87565
2017-11-08 15:28:21,36.9847
2017-11-07 14:58:21,36.89015
2017-11-06 17:50:23,37.05696
2017-11-05 14:23:18,37.24062
2017-11-04 13:05:21,37.28839
2017-11-03 17:25:22,37.21225
2017-11-02 19:18:20,37.38071
2017-11-01 14:37:21,36.73897
2017-10-31 15:10:23,36.13458
2017-10-30 13:05:20,36.08981
2017-10-29 13:23:19,36.283570000000005
2017-10-28 13:10:19,36.12514
2017-10-27 15:55:21,36.12577
2017-10-26 13:30:22,36.19252
2017-10-25 21:05:20,36.098
2017-10-24 15:40:20,35.93237
2017-10-23 16:52:19,36.404540000000004
2017-10-22 13:07:18,36.73022
2017-10-21 13:07:18,36.73466
2017-10-20 15:44:19,36.69792
2017-10-19 14:34:19,36.88713
2017-10-18 13:05:20,36.746790000000004
2017-10-17 13:03:18,36.73927
2017-10-16 13:16:18,36.59012
2017-10-15 13:05:18,36.705859999999994
2017-10-14 13:25:18,36.65332
2017-10-13 15:48:18,36.56348
2017-10-12 15:03:17,36.62103
2017-10-11 13:44:17,36.476929999999996
2017-10-10 17:12:17,36.52134
2017-10-09 13:06:17,37.087990000000005
2017-10-08 13:06:17,37.147459999999995
2017-10-07 13:04:17,37.17203
2017-10-06 18:04:17,37.10485
2017-10-05 18:18:17,38.07584
2017-10-04 16:52:17,38.014920000000004
2017-10-03 17:16:17,37.8289
2017-10-02 13:16:17,37.62963
2017-10-01 13:05:18,37.68137
2017-09-30 13:07:16,37.597429999999996
2017-09-29 15:41:16,37.60137
2017-09-28 14:49:16,37.899409999999996
2017-09-27 19:08:16,37.98526
2017-09-26 16:43:25,38.2449
2017-09-25 13:28:16,39.09969
2017-09-24 13:06:16,39.17653
2017-09-23 13:03:16,38.956579999999995
2017-09-22 15:13:18,39.01869
2017-09-21 17:43:17,39.37469
2017-09-20 13:14:20,38.84023
2017-09-19 17:53:19,38.45267
2017-09-18 23:43:19,38.50353
2017-09-17 13:15:20,38.39445
2017-09-16 13:15:20,38.16751
2017-09-15 16:32:18,38.26089
2017-09-14 13:05:20,37.67922
2017-09-13 13:06:19,37.67399
2017-09-12 16:45:20,37.3891
2017-09-11 13:04:18,38.23683
2017-09-10 13:03:17,38.22231
2017-09-09 13:04:17,38.21482
2017-09-08 15:36:17,38.10756
2017-09-07 14:07:18,37.70192
2017-09-06 13:07:17,37.38649
2017-09-05 17:32:18,36.758379999999995
2017-09-04 13:04:17,36.54958
2017-09-03 13:06:18,36.37417
2017-09-02 13:02:17,36.258829999999996
2017-09-01 16:19:18,36.30648
2017-08-31 13:04:17,36.05339
2017-08-30 22:03:17,36.117670000000004
2017-08-29 14:16:17,35.83307
2017-08-28 13:11:16,35.77592
2017-08-27 13:03:16,35.77816
2017-08-26 13:03:16,35.78688
2017-08-25 14:51:16,35.74794
2017-08-24 13:05:18,35.95277
2017-08-23 14:11:16,36.0565
2017-08-22 16:28:16,35.67125
2017-08-21 21:35:18,35.88695
2017-08-20 18:39:22,36.341
2017-08-20 18:39:26,36.38994
2017-08-18 19:56:15,36.38994
2017-08-17 13:06:16,36.85913
2017-08-16 16:23:16,36.79667
2017-08-15 22:09:15,37.07734
2017-08-14 13:03:16,36.519009999999994
2017-08-13 13:13:14,36.694720000000004
2017-08-12 16:41:24,36.75468
2017-08-11 17:37:15,36.636070000000004
2017-08-10 13:05:18,36.22694
2017-08-09 13:13:15,36.23774
2017-08-08 17:34:14,36.17896
2017-08-07 21:42:15,36.43844
2017-08-06 17:29:14,36.92662
2017-08-05 16:25:14,36.92022
2017-08-04 17:09:14,36.86573
2017-08-03 13:05:15,36.98343
2017-08-02 13:38:13,37.009
2017-08-01 16:09:14,37.12984
2017-07-31 17:43:15,37.74067
2017-07-30 13:13:13,37.82521
2017-07-29 13:07:13,37.87874
2017-07-28 17:25:15,37.84032
2017-07-27 13:08:17,38.03011
2017-07-26 13:05:24,37.87655
2017-07-25 18:09:15,37.56762
2017-07-24 13:03:13,38.53267
2017-07-23 13:04:13,37.63227
2017-07-22 13:06:13,37.518409999999996
2017-07-21 15:05:16,37.444320000000005
2017-07-20 13:02:13,37.8655
2017-07-19 20:49:12,37.97404
2017-07-18 15:25:14,38.04208
2017-07-17 13:24:13,38.4192
2017-07-16 13:33:12,37.84597
2017-07-15 13:03:12,38.296170000000004
2017-07-14 16:24:13,38.36245
2017-07-13 09:43:13,37.98452
2017-07-12 13:03:12,37.98452
2017-07-11 19:14:12,38.076679999999996
2017-07-10 13:04:15,37.7802
2017-07-09 13:04:11,37.73914
2017-07-08 13:03:12,37.63799
2017-07-07 17:27:12,37.56738
2017-07-06 13:06:12,37.445370000000004
2017-07-05 17:19:12,37.4516
2017-07-04 13:06:12,37.41192
2017-07-03 13:03:12,37.542390000000005
2017-07-02 13:06:11,37.37842
2017-07-01 13:05:12,37.45395
2017-06-30 16:23:12,37.439840000000004
2017-06-29 13:09:11,37.671409999999995
2017-06-28 20:13:11,37.54221
2017-06-27 16:57:12,37.488009999999996
2017-06-26 13:05:12,38.38256
2017-06-25 13:06:11,38.605309999999996
2017-06-24 13:05:12,38.69684
2017-06-23 17:31:11,38.85541
2017-06-22 17:52:12,38.19526
2017-06-21 13:12:12,37.71882
2017-06-20 13:07:11,38.055009999999996
2017-06-19 13:11:10,38.20811
2017-06-18 13:04:10,38.2633
2017-06-17 13:03:10,38.22923
2017-06-16 17:46:11,38.13759
2017-06-15 13:04:10,38.17562
2017-06-14 13:22:11,37.58538
2017-06-13 18:18:11,37.423840000000006
2017-06-12 16:50:13,37.24044
2017-06-11 13:04:10,37.39389
2017-06-10 13:06:10,37.4267
2017-06-09 14:43:10,37.27892
2017-06-08 14:19:10,37.595209999999994
2017-06-07 13:25:11,37.62785
2017-06-06 16:15:13,37.5394
2017-06-05 13:04:10,38.077090000000005
2017-06-04 13:06:10,38.04909
2017-06-03 13:09:10,38.158359999999995
2017-06-02 13:06:11,38.31442
2017-06-01 13:07:09,38.32013
2017-05-31 13:08:10,38.323640000000005
2017-05-30 14:23:10,38.39928
2017-05-29 13:21:09,38.48822
2017-05-28 13:02:09,38.41018
2017-05-27 13:06:10,38.26954
2017-05-26 13:23:09,38.20471
2017-05-25 13:06:10,37.89192
2017-05-24 18:20:18,37.85646
2017-05-23 13:04:10,38.31108
2017-05-22 13:07:10,38.269059999999996
2017-05-21 13:20:10,38.28256
2017-05-20 13:03:09,38.23556
2017-05-19 17:44:10,38.32204
2017-05-18 14:28:10,39.05318
2017-05-17 13:09:09,39.368759999999995
2017-05-16 14:10:11,39.56028
2017-05-15 13:14:09,40.18683
2017-05-14 17:18:09,40.29266
2017-05-13 13:05:09,40.91915
2017-05-12 13:03:09,40.99252
2017-05-11 13:06:09,40.850359999999995
2017-05-10 14:54:09,41.02212
2017-05-09 13:03:08,41.140159999999995
2017-05-08 13:08:08,41.42287
2017-05-07 13:12:08,41.269059999999996
2017-05-06 13:11:08,41.32185
2017-05-05 13:11:08,41.492309999999996
2017-05-04 11:48:08,41.485209999999995
2017-05-03 13:07:08,41.485209999999995
2017-05-02 13:05:09,41.01395
2017-05-01 15:56:09,40.90617
2017-04-30 13:04:08,41.0427
2017-04-29 13:14:08,41.044779999999996
2017-04-28 13:13:09,40.96248
2017-04-27 13:12:08,41.19462
2017-04-26 18:27:08,40.71889
2017-04-25 13:12:08,40.303740000000005
2017-04-24 13:03:07,40.60334
2017-04-23 14:13:07,40.621759999999995
2017-04-22 13:19:07,40.710879999999996
2017-04-21 13:05:08,40.72075
2017-04-20 13:19:08,40.81158
2017-04-19 13:05:10,41.10365
2017-04-18 13:11:08,41.32755
2017-04-17 15:36:08,41.29482
2017-04-16 13:06:07,41.17042
2017-04-15 13:06:07,41.01736
2017-04-14 13:10:09,41.0928
2017-04-13 13:11:08,41.22889
2017-04-12 13:07:07,41.626529999999995
2017-04-11 17:59:06,41.84169
2017-04-10 13:09:07,41.15395
2017-04-09 14:53:06,40.46673
2017-04-08 14:09:06,40.445479999999996
2017-04-07 15:27:07,40.42915
2017-04-06 13:34:07,40.51774
2017-04-05 13:30:10,40.98213
2017-04-04 15:00:11,40.509479999999996
2017-04-03 13:27:07,39.61414
2017-04-02 14:11:06,40.39359
2017-04-01 17:13:06,40.55445
2017-03-31 13:33:06,40.448
2017-03-30 15:40:10,40.11081
2017-03-29 13:36:07,40.54865
2017-03-28 15:15:11,40.6702
2017-03-27 13:05:09,41.03792
2017-03-26 13:59:06,41.43587
2017-03-25 16:18:06,41.53386
2017-03-24 14:02:08,41.54422
2017-03-23 13:29:07,41.480109999999996
2017-03-22 13:52:07,41.603120000000004
2017-03-21 13:03:07,41.38521
2017-03-20 13:07:06,41.57674
2017-03-19 15:11:07,41.53395
2017-03-18 14:12:07,41.87791
2017-03-17 13:38:07,42.80822
2017-03-16 14:11:07,43.24698
2017-03-15 18:14:07,43.435359999999996
2017-03-14 13:27:06,43.82244
2017-03-13 13:19:06,44.10419
2017-03-12 18:06:07,44.32833
2017-03-11 16:47:05,44.2165
2017-03-10 13:11:07,43.9422
2017-03-09 13:21:06,43.41724
2017-03-08 14:28:06,43.528059999999996
2017-03-07 15:44:06,43.68052
2017-03-06 13:24:07,43.51528
2017-03-05 16:18:06,43.00411
2017-03-06 09:44:13,42.9674
2017-03-03 16:02:07,42.9674
2017-03-02 15:19:18,42.74433
2017-03-02 11:25:54,42.93229
2017-03-02 11:25:55,41.92185
2017-03-02 11:25:55,41.934490000000004
2017-03-02 11:25:55,41.86868
2017-03-02 11:25:55,41.93456
2017-03-02 11:25:56,42.139140000000005
2017-03-02 11:25:56,42.08851
2017-03-02 11:25:56,40.990140000000004
2017-03-02 11:25:56,41.4049
2017-03-02 11:25:57,41.1068
2017-03-02 11:25:57,41.1262
2017-03-02 11:25:57,41.142590000000006
2017-03-02 11:25:57,40.932759999999995
2017-03-02 11:25:58,41.26061
2017-03-02 11:25:58,41.3626
2017-03-02 11:25:58,41.01787
2017-03-02 11:25:58,41.11952
2017-03-02 11:25:59,41.98624
2017-03-02 11:25:59,42.17884
2017-03-02 11:25:59,42.33272
2017-03-02 11:25:59,42.45341
2017-03-02 11:25:59,42.46727
2017-03-02 11:25:59,42.58524
2017-03-02 11:26:00,42.625890000000005
2017-03-02 11:26:00,42.7303
2017-03-02 11:26:00,42.930609999999994
2017-03-02 11:26:00,42.87061
2017-03-02 11:26:00,43.76831
2017-03-02 11:26:01,43.7891
2017-03-02 11:26:01,43.67982
2017-03-02 11:26:01,42.51344
2017-03-02 11:26:01,42.420759999999994
2017-03-02 11:26:01,42.51997
2017-03-02 11:26:01,43.080890000000004
2017-03-02 11:26:02,43.21775
2017-03-02 11:26:02,45.59516
2017-03-02 11:26:02,45.0
2017-03-02 11:26:02,45.0
